Workbook

Sheet How to Use
B1: Form Functional Testing Template
B3: Reusable for any multi-page form. Copy this file for each new form.
B5: STEP 1 – Map the form (sheet: Form Map)
B6: List every field on every page: type, mandatory or optional, rules, valid/invalid examples, conditional logic and expected error message.
B7: Yellow cells are for you to fill in. Blue text in row 4 is an example row showing the format – overwrite or delete it.
B8: Tip: ask Claude Code to draft it: "Open [form URL], go through every page without submitting, and fill in the Form Map columns for each field."
B10: STEP 2 – Pick test cases (sheet: Test Library)
B11: The library holds standard tests for each field type plus page-level and form-level tests. For each field in your Form Map, use the rows whose 'Applies to' matches its type and whether it is mandatory.
B12: Replace the {placeholders} – {Page}, {Field}, {Min}, {Max}, {Valid}, {Invalid}, {Error} – with values from the Form Map.
B14: STEP 3 – Write the test cases (sheet: Azure Import)
B15: Laid out for Azure DevOps Test Plans CSV import: one row starts each test case (Work Item Type + Title); each step goes on its own row below it with the Title left blank.
B16: Title convention: 'P2 - Postcode - Mandatory'. The 'P2 -' prefix lets the Coverage sheet count tests per page, so keep it.
... B28: One thing checked per test case • Every step has an expected result • Test on a test/staging environment, never live • Automate stable, repetitive tests in Playwright; keep exploratory and visual checks manual.

Sheet Form Map
A1: Form Map
A2: Form name: | D2: Yellow = fill in. Blue row 4 = example, replace it.
A3: Page # | B3: Page name | C3: Field name | D3: Field type | E3: Mandatory? | F3: Min | G3: Max | H3: Format / rules | I3: Valid example | J3: Invalid example | K3: Expected error message | L3: Conditional (shown when…) | M3: Default value | N3: Notes
A4: 1 | B4: Personal details | C4: Email | D4: Email | E4: Yes | G4: 100 | H4: Must contain @ and domain | I4: test@example.com | J4: test@ | K4: Enter a valid email address | L4: Always shown | M4: (blank)

Sheet Test Library
A1: Test Library – standard test cases (replace {placeholders})
A2: Ref | B2: Applies to | C2: Category | D2: Title pattern | E2: Steps (Action → Expected) | F2: Priority
A3: M-01 | B3: Any mandatory field | C3: Mandatory | D3: P{Page} - {Field} - Mandatory | E3: 1. Complete earlier pages with valid data → Page {Page} shown 2. Fill all fields on page except {Field} → – 3. Click Next → Stays on page; '{Error}' shown under {Field}; no other errors 4. Enter {Valid} in {Field}, click Next → Error clears; next page shown | F3: 1 - Critical
A4: M-02 | B4: Any mandatory field | C4: Mandatory | D4: P{Page} - {Field} - Spaces only rejected | E4: 1. Enter only spaces in {Field}, fill others validly → – 2. Click Next → Treated as empty; required error shown | F4: 2 - High
A5: M-03 | B5: Any mandatory field | C5: Mandatory | D5: P{Page} - {Field} - Marked as required | E5: 1. Open page {Page} → {Field} label shows required indicator (e.g. *) | F5: 3 - Medium
A6: O-01 | B6: Any optional field | C6: Optional | D6: P{Page} - {Field} - Optional can be blank | E6: 1. Fill all mandatory fields, leave {Field} blank → – 2. Click Next → Proceeds to next page with no error | F6: 2 - High
A7: O-02 | B7: Any optional field | C7: Optional | D7: P{Page} - {Field} - Optional value saved | E7: 1. Enter {Valid} in {Field}, complete form → – 2. Check review page / submitted data → {Valid} shown correctly | F7: 2 - High
A8: T-01 | B8: Text / Textarea | C8: Length | D8: P{Page} - {Field} - Max length {Max} | E8: 1. Enter exactly {Max} characters → Accepted 2. Enter {Max}+1 characters → Blocked at {Max} OR error '{Error}' shown | F8: 2 - High
A9: T-02 | B9: Text / Textarea | C9: Length | D9: P{Page} - {Field} - Min length {Min} | E9: 1. Enter {Min}-1 characters, click Next → Error shown 2. Enter {Min} characters, click Next → Accepted | F9: 2 - High
A10: T-03 | B10: Text / Textarea | C10: Characters | D10: P{Page} - {Field} - Special characters | E10: 1. Enter text with apostrophe, hyphen, accents (e.g. O'Brien-Zoë) → Accepted and displayed correctly on review page | F10: 3 - Medium
A11: T-04 | B11: Text / Textarea | C11: Security | D11: P{Page} - {Field} - Script/HTML not executed | E11: 1. Enter <b>test</b> or <script>alert(1)</script> → Shown as plain text or rejected; nothing executes | F11: 2 - High
A12: T-05 | B12: Text / Textarea | C12: Characters | D12: P{Page} - {Field} - Leading/trailing spaces trimmed | E12: 1. Enter ' value ' → Saved as 'value' (or per requirement) | F12: 4 - Low
A13: N-01 | B13: Number | C13: Boundary | D13: P{Page} - {Field} - Range {Min} to {Max} | E13: 1. Enter {Min} → Accepted 2. Enter {Max} → Accepted 3. Enter {Min}-1 → Error '{Error}' 4. Enter {Max}+1 → Error '{Error}' | F13: 1 - Critical
... A43: FM-08 | B43: Whole form | C43: Compatibility | D43: P0 - Browsers and mobile | E43: 1. Run FM-01 on Chrome, Edge, Safari and a mobile screen → Works and displays correctly on each | F43: 2 - High

Sheet Azure Import
A1: ID | B1: Work Item Type | C1: Title | D1: Test Step | E1: Step Action | F1: Step Expected | G1: Priority | H1: Area Path | I1: Assigned To | J1: State
B2: Test Case | C2: P1 - Email - Mandatory | G2: 2 | J2: Design
D3: 1 | E3: Complete earlier pages with valid data | F3: Page 1 is shown
D4: 2 | E4: Fill all page 1 fields except Email
D5: 3 | E5: Click Next | F5: Stays on page 1; 'Email is required' shown under Email; no other errors
D6: 4 | E6: Enter test@example.com in Email and click Next | F6: Error clears; page 2 is shown
B7: Test Case | C7: P1 - Email - Invalid formats rejected | G7: 1 | J7: Design
D8: 1 | E8: Enter 'test@' in Email and click Next | F8: 'Enter a valid email address' shown
D9: 2 | E9: Enter 'test.example.com' and click Next | F9: Same error shown
D10: 3 | E10: Enter 'test@@example.com' and click Next | F10: Same error shown

Sheet Coverage
A1: Coverage by Page
A2: Calculated automatically from Form Map and Azure Import (titles starting 'P1 -', 'P2 -' …; 'P0 -' = whole form).
A3: Page | B3: Fields | C3: Mandatory | D3: Optional | E3: Test cases written | F3: Tests per field | G3: Status
A4: 0 (Form) | B4: - | C4: - | D4: - | E4: =COUNTIFS('Azure Import'!$B$2:$B$400,"Test Case",'Azure Import'!$C$2:$C$400,"P0 -*") -> 0 | F4: - | G4: =IF(E4=0,"Add end-to-end tests","OK") -> Add end-to-end tests
A5: 1 | B5: =COUNTIF('Form Map'!$A$4:$A$103,1) -> 1 | C5: =COUNTIFS('Form Map'!$A$4:$A$103,1,'Form Map'!$E$4:$E$103,"Yes") -> 1 | D5: =B5-C5 -> 0 | E5: =COUNTIFS('Azure Import'!$B$2:$B$400,"Test Case",'Azure Import'!$C$2:$C$400,"P1 -*") -> 2 | F5: =IF(B5=0,"-",ROUND(E5/B5,1)) -> 2 | G5: =IF(B5=0,"-",IF(E5<B5+C5,"Needs more tests","OK")) -> OK
A6: 2 | B6: =COUNTIF('Form Map'!$A$4:$A$103,2) -> 0 | C6: =COUNTIFS('Form Map'!$A$4:$A$103,2,'Form Map'!$E$4:$E$103,"Yes") -> 0 | D6: =B6-C6 -> 0 | E6: =COUNTIFS('Azure Import'!$B$2:$B$400,"Test Case",'Azure Import'!$C$2:$C$400,"P2 -*") -> 0 | F6: =IF(B6=0,"-",ROUND(E6/B6,1)) -> - | G6: =IF(B6=0,"-",IF(E6<B6+C6,"Needs more tests","OK")) -> -
A7: 3 | B7: =COUNTIF('Form Map'!$A$4:$A$103,3) -> 0 | C7: =COUNTIFS('Form Map'!$A$4:$A$103,3,'Form Map'!$E$4:$E$103,"Yes") -> 0 | D7: =B7-C7 -> 0 | E7: =COUNTIFS('Azure Import'!$B$2:$B$400,"Test Case",'Azure Import'!$C$2:$C$400,"P3 -*") -> 0 | F7: =IF(B7=0,"-",ROUND(E7/B7,1)) -> - | G7: =IF(B7=0,"-",IF(E7<B7+C7,"Needs more tests","OK")) -> -
A8: 4 | B8: =COUNTIF('Form Map'!$A$4:$A$103,4) -> 0 | C8: =COUNTIFS('Form Map'!$A$4:$A$103,4,'Form Map'!$E$4:$E$103,"Yes") -> 0 | D8: =B8-C8 -> 0 | E8: =COUNTIFS('Azure Import'!$B$2:$B$400,"Test Case",'Azure Import'!$C$2:$C$400,"P4 -*") -> 0 | F8: =IF(B8=0,"-",ROUND(E8/B8,1)) -> - | G8: =IF(B8=0,"-",IF(E8<B8+C8,"Needs more tests","OK")) -> -
A9: 5 | B9: =COUNTIF('Form Map'!$A$4:$A$103,5) -> 0 | C9: =COUNTIFS('Form Map'!$A$4:$A$103,5,'Form Map'!$E$4:$E$103,"Yes") -> 0 | D9: =B9-C9 -> 0 | E9: =COUNTIFS('Azure Import'!$B$2:$B$400,"Test Case",'Azure Import'!$C$2:$C$400,"P5 -*") -> 0 | F9: =IF(B9=0,"-",ROUND(E9/B9,1)) -> - | G9: =IF(B9=0,"-",IF(E9<B9+C9,"Needs more tests","OK")) -> -
A10: 6 | B10: =COUNTIF('Form Map'!$A$4:$A$103,6) -> 0 | C10: =COUNTIFS('Form Map'!$A$4:$A$103,6,'Form Map'!$E$4:$E$103,"Yes") -> 0 | D10: =B10-C10 -> 0 | E10: =COUNTIFS('Azure Import'!$B$2:$B$400,"Test Case",'Azure Import'!$C$2:$C$400,"P6 -*") -> 0 | F10: =IF(B10=0,"-",ROUND(E10/B10,1)) -> - | G10: =IF(B10=0,"-",IF(E10<B10+C10,"Needs more tests","OK")) -> -
A11: 7 | B11: =COUNTIF('Form Map'!$A$4:$A$103,7) -> 0 | C11: =COUNTIFS('Form Map'!$A$4:$A$103,7,'Form Map'!$E$4:$E$103,"Yes") -> 0 | D11: =B11-C11 -> 0 | E11: =COUNTIFS('Azure Import'!$B$2:$B$400,"Test Case",'Azure Import'!$C$2:$C$400,"P7 -*") -> 0 | F11: =IF(B11=0,"-",ROUND(E11/B11,1)) -> - | G11: =IF(B11=0,"-",IF(E11<B11+C11,"Needs more tests","OK")) -> -
A12: 8 | B12: =COUNTIF('Form Map'!$A$4:$A$103,8) -> 0 | C12: =COUNTIFS('Form Map'!$A$4:$A$103,8,'Form Map'!$E$4:$E$103,"Yes") -> 0 | D12: =B12-C12 -> 0 | E12: =COUNTIFS('Azure Import'!$B$2:$B$400,"Test Case",'Azure Import'!$C$2:$C$400,"P8 -*") -> 0 | F12: =IF(B12=0,"-",ROUND(E12/B12,1)) -> - | G12: =IF(B12=0,"-",IF(E12<B12+C12,"Needs more tests","OK")) -> -
A13: 9 | B13: =COUNTIF('Form Map'!$A$4:$A$103,9) -> 0 | C13: =COUNTIFS('Form Map'!$A$4:$A$103,9,'Form Map'!$E$4:$E$103,"Yes") -> 0 | D13: =B13-C13 -> 0 | E13: =COUNTIFS('Azure Import'!$B$2:$B$400,"Test Case",'Azure Import'!$C$2:$C$400,"P9 -*") -> 0 | F13: =IF(B13=0,"-",ROUND(E13/B13,1)) -> - | G13: =IF(B13=0,"-",IF(E13<B13+C13,"Needs more tests","OK")) -> -
A14: 10 | B14: =COUNTIF('Form Map'!$A$4:$A$103,10) -> 0 | C14: =COUNTIFS('Form Map'!$A$4:$A$103,10,'Form Map'!$E$4:$E$103,"Yes") -> 0 | D14: =B14-C14 -> 0 | E14: =COUNTIFS('Azure Import'!$B$2:$B$400,"Test Case",'Azure Import'!$C$2:$C$400,"P10 -*") -> 0 | F14: =IF(B14=0,"-",ROUND(E14/B14,1)) -> - | G14: =IF(B14=0,"-",IF(E14<B14+C14,"Needs more tests","OK")) -> -
A15: Total | B15: =SUM(B4:B14) -> 1 | C15: =SUM(C4:C14) -> 1 | D15: =SUM(D4:D14) -> 0 | E15: =SUM(E4:E14) -> 2
A17: Status rule: a page is flagged 'Needs more tests' when test cases < fields + mandatory fields (a rough guide: about one test per field plus one mandatory check each).

Sheet Lists
A1: Text | B1: Yes | C1: 1 - Critical
A2: Textarea | B2: No | C2: 2 - High
A3: Number | C3: 3 - Medium
A4: Email | C4: 4 - Low
A5: Phone
A6: Date
A7: Postcode
A8: Dropdown
A9: Radio
A10: Checkbox
A11: File upload
A12: Password
